{
  "id" : "proj_rV9q4DyKDOx8",
  "name" : "wot",
  "intents" : [ {
    "id" : "andrenatal:turn",
    "type" : "registry",
    "version" : "0.0.1",
    "language" : "en",
    "slots" : [ {
      "name" : "room",
      "id" : "Bykwd5TNQ",
      "entityId" : "entity_rV8WWo5Qev4q",
      "missingQuestion" : "",
      "required" : false
    }, {
      "name" : "onoff",
      "id" : "ByUqO56NQ",
      "entityId" : "entity_BlAwv891ZrKo",
      "missingQuestion" : "",
      "required" : false
    } ],
    "name" : "turn"
  } ],
  "createdAt" : "2018-07-31T08:04:52.362Z",
  "language" : "en",
  "version" : {
    "nluModel" : "0.15.0"
  },
  "platform" : {
    "type" : "raspberrypi"
  },
  "asr" : {
    "type" : "snips"
  },
  "analyticsEnabled" : true,
  "heartbeatEnabled" : true,
  "hotword" : "jarvis"
}