{
  "id" : "proj_Ya5xEVA0v7bb",
  "name" : "mozvr",
  "intents" : [ {
    "id" : "andrenatal:tabOpenClose",
    "type" : "registry",
    "version" : "0.0.8",
    "language" : "en",
    "slots" : [ {
      "name" : "tab",
      "id" : "B1T1eVsJQ",
      "entityId" : "entity_lK9ApP48xlxk",
      "missingQuestion" : "",
      "required" : false
    }, {
      "name" : "open_close",
      "id" : "HkWy_NiJX",
      "entityId" : "entity_bv2DX0Opbn",
      "missingQuestion" : "",
      "required" : false
    } ],
    "name" : "tabOpenClose"
  } ],
  "createdAt" : "2018-05-25T22:42:06.929Z",
  "language" : "en",
  "version" : {
    "nluModel" : "0.14.0"
  },
  "platform" : {
    "type" : "raspberrypi"
  },
  "asr" : {
    "type" : "snips"
  },
  "analyticsEnabled" : true,
  "heartbeatEnabled" : true,
  "hotword" : "jarvis"
}